current_time,weather,temp,humidity
2025-07-15 04:33:33,Clouds,23.97,73
2025-07-15 04:46:32,Clouds,23.97,73
2025-07-15 05:09:14,Clouds,23.97,73
2025-07-15 05:14:27,Rain,23.97,73
2025-07-15 05:44:15,Clouds,25.41,67
2025-07-15 05:57:56,Clouds,25.41,67
2025-07-15 06:44:01,Clouds,24.56,69
2025-07-15 07:01:39,Clouds,24.74,72
2025-07-15 07:32:11,Clouds,24.74,72
2025-07-15 07:48:47,Clouds,24.79,67
2025-07-15 08:15:33,Clouds,24.79,67
2025-07-15 08:47:00,Clouds,25.34,62
2025-07-15 09:17:23,Clouds,26.76,69
2025-07-15 09:46:11,Clouds,26.76,69
2025-07-15 09:59:18,Clouds,26.76,69
2025-07-15 10:34:25,Clear,24.76,78
2025-07-15 10:53:51,Clear,24.76,78
2025-07-15 11:20:27,Clouds,23.76,88
2025-07-15 11:38:18,Clouds,23.76,88
2025-07-15 11:51:18,Clouds,23.76,88
2025-07-15 12:35:27,Rain,23.76,94
2025-07-15 13:23:25,Clouds,23.76,94
2025-07-15 13:54:39,Clouds,23.76,94
2025-07-15 14:23:52,Clouds,23.76,94
2025-07-15 14:47:13,Clouds,23.76,94
2025-07-15 14:59:47,Clouds,23.76,94
2025-07-15 15:31:11,Clouds,23.76,100
2025-07-15 15:50:02,Clouds,23.76,100
2025-07-15 16:17:34,Clouds,23.76,100
2025-07-15 16:47:52,Clouds,22.76,100
2025-07-15 17:08:22,Clouds,22.76,100
2025-07-15 17:35:09,Clouds,23.76,100
2025-07-15 17:51:19,Clouds,23.76,100
2025-07-15 18:24:40,Clouds,23.76,100
2025-07-15 18:54:48,Clouds,23.76,100
2025-07-15 19:21:38,Clouds,22.79,94
2025-07-15 19:38:43,Rain,23.76,100
2025-07-15 19:51:29,Rain,23.76,100
2025-07-15 20:19:21,Clouds,23.78,88
2025-07-15 20:42:14,Rain,23.76,100
2025-07-15 20:56:43,Clouds,23.76,100
2025-07-15 21:27:23,Mist,22.76,100
2025-07-15 21:44:54,Mist,22.76,100
2025-07-15 21:57:34,Mist,22.76,100
2025-07-15 22:29:54,Mist,23.76,100
2025-07-15 22:49:33,Mist,23.76,100
2025-07-15 23:11:39,Mist,23.76,100
2025-07-15 23:32:56,Clouds,22.76,100
2025-07-15 23:50:12,Clouds,22.76,100
2025-07-16 01:09:30,Clouds,24.84,87
2025-07-16 03:05:32,Rain,22.76,100
2025-07-16 04:05:22,Rain,23.76,94
2025-07-16 04:50:41,Rain,23.76,88
2025-07-16 05:21:12,Rain,22.89,86
2025-07-16 05:48:42,Rain,22.76,100
2025-07-16 06:16:24,Rain,22.74,88
2025-07-16 06:50:37,Rain,22.76,100
2025-07-16 07:17:31,Rain,22.57,95
2025-07-16 07:39:47,Rain,21.76,100
2025-07-16 07:53:36,Rain,21.76,100
2025-07-16 08:31:00,Rain,22.76,100
2025-07-16 08:56:47,Rain,22.76,100
2025-07-16 09:34:12,Rain,21.76,100
2025-07-16 09:53:09,Rain,21.76,100
2025-07-16 10:24:04,Rain,21.76,100
2025-07-16 10:49:21,Mist,21.76,100
2025-07-16 11:10:57,Mist,21.76,100
2025-07-16 11:31:55,Rain,21.76,100
2025-07-16 11:46:32,Rain,21.76,100
2025-07-16 11:59:18,Rain,21.76,100
2025-07-16 13:01:14,Clouds,21.76,100
2025-07-16 13:47:24,Rain,22.76,100
2025-07-16 14:08:52,Rain,22.76,100
2025-07-16 14:38:45,Rain,22.76,100
2025-07-16 14:55:39,Rain,22.76,100
2025-07-16 15:30:59,Rain,22.76,100
2025-07-16 15:50:15,Rain,22.76,100
2025-07-16 16:18:12,Thunderstorm,21.78,100
2025-07-16 16:48:47,Rain,22.76,100
2025-07-16 17:12:57,Rain,23.22,98
2025-07-16 17:41:27,Rain,22.76,100
2025-07-16 17:55:49,Rain,22.76,100
2025-07-16 18:40:07,Rain,22.76,100
2025-07-16 18:59:59,Rain,22.76,100
2025-07-16 19:25:55,Rain,22.76,100
2025-07-16 19:42:45,Thunderstorm,22.76,100
2025-07-16 19:55:33,Thunderstorm,22.76,100
2025-07-16 20:30:27,Thunderstorm,22.76,100
2025-07-16 20:50:20,Thunderstorm,22.76,100
2025-07-16 21:13:49,Thunderstorm,22.76,100
2025-07-16 21:36:22,Thunderstorm,22.76,100
2025-07-16 21:51:06,Thunderstorm,22.76,100
2025-07-16 22:15:45,Thunderstorm,22.76,100
2025-07-16 22:42:37,Rain,22.76,100
2025-07-16 22:57:09,Thunderstorm,22.76,100
2025-07-16 23:28:02,Thunderstorm,21.76,100
2025-07-16 23:46:12,Rain,22.76,100
2025-07-16 23:59:06,Rain,22.76,100
2025-07-17 02:25:02,Mist,23.76,100
2025-07-17 03:46:02,Clouds,24.76,94
2025-07-17 04:26:09,Rain,24.76,100
2025-07-17 05:00:12,Rain,24.76,100
2025-07-17 05:36:20,Thunderstorm,25.76,94
2025-07-17 05:54:26,Rain,25.76,94
2025-07-17 06:36:41,Mist,24.76,100
2025-07-17 07:00:10,Mist,24.76,100
2025-07-17 07:31:11,Clouds,24.76,100
2025-07-17 07:47:27,Clouds,24.76,100
2025-07-17 07:59:56,Clouds,24.76,100
2025-07-17 08:39:06,Rain,23.76,100
2025-07-17 09:00:00,Clouds,23.76,100
2025-07-17 09:35:01,Clouds,23.76,100
2025-07-17 09:52:47,Clouds,23.76,100
2025-07-17 10:23:04,Clouds,23.76,100
2025-07-17 10:48:47,Rain,23.76,100
2025-07-17 11:10:24,Rain,23.76,100
2025-07-17 11:31:56,Rain,23.76,100
2025-07-17 11:47:22,Clouds,23.76,100
2025-07-17 12:00:12,Rain,23.76,100
2025-07-17 13:01:09,Rain,22.76,100
2025-07-17 13:46:52,Rain,22.76,100
2025-07-17 14:00:24,Clouds,22.76,100
2025-07-17 14:32:16,Clouds,22.76,100
2025-07-17 14:52:32,Rain,22.76,100
2025-07-17 15:21:10,Rain,23.8,99
2025-07-17 15:44:04,Clouds,22.76,100
2025-07-17 15:57:12,Clouds,22.76,100
2025-07-17 16:36:44,Clouds,22.76,100
2025-07-17 16:57:26,Clouds,22.76,100
2025-07-17 17:28:22,Clouds,22.76,100
2025-07-17 17:48:05,Clouds,22.76,100
2025-07-17 18:13:26,Clouds,23.25,99
2025-07-17 18:48:34,Clouds,22.76,100
2025-07-17 19:10:23,Clouds,22.76,100
2025-07-17 19:30:20,Clouds,22.76,100
2025-07-17 19:45:15,Clouds,22.76,100
2025-07-17 19:58:03,Clouds,22.76,100
2025-07-17 20:31:57,Mist,22.76,100
2025-07-17 20:50:58,Mist,22.76,100
2025-07-17 21:14:57,Mist,22.76,100
2025-07-17 21:36:04,Clouds,22.76,100
2025-07-17 21:50:10,Clouds,22.76,100
2025-07-17 22:13:42,Clouds,22.57,100
2025-07-17 22:40:45,Clouds,22.76,100
2025-07-17 22:55:05,Clouds,22.76,100
2025-07-17 23:26:02,Mist,23.76,100
2025-07-17 23:57:16,Rain,22.76,100
2025-07-18 02:25:31,Mist,23.78,94
2025-07-18 03:48:19,Clouds,24.76,94
2025-07-18 04:29:37,Clouds,24.76,100
2025-07-18 05:02:00,Clouds,24.76,100
2025-07-18 05:38:10,Rain,26.76,89
2025-07-18 05:56:07,Clouds,26.76,89
2025-07-18 06:42:25,Clouds,26.76,94
2025-07-18 07:02:34,Clouds,26.76,94
2025-07-18 07:31:59,Clouds,26.76,94
2025-07-18 07:50:52,Clouds,26.76,94
2025-07-18 08:21:09,Clouds,27.76,89
2025-07-18 08:50:54,Clouds,27.76,89
2025-07-18 09:19:49,Clouds,25.86,86
2025-07-18 09:44:52,Clouds,28.76,79
2025-07-18 09:57:37,Clouds,28.76,79
2025-07-18 10:33:07,Clouds,24.76,100
2025-07-18 10:53:48,Clouds,24.76,100
2025-07-18 11:19:41,Clouds,24.15,94
2025-07-18 11:38:33,Clouds,24.76,100
2025-07-18 11:52:58,Clouds,24.76,100
2025-07-18 12:42:51,Clouds,24.76,100
2025-07-18 13:27:32,Clouds,23.76,100
2025-07-18 13:56:07,Clouds,23.76,100
2025-07-18 14:28:20,Clouds,23.76,100
2025-07-18 14:50:51,Clouds,23.76,100
2025-07-18 15:16:20,Clouds,23.76,100
2025-07-18 15:40:22,Clouds,24.76,100
2025-07-18 15:57:24,Clouds,24.76,100
2025-07-18 16:37:05,Thunderstorm,23.76,100
2025-07-18 16:59:51,Thunderstorm,23.76,100
2025-07-18 17:31:36,Thunderstorm,23.76,100
2025-07-18 18:28:48,Thunderstorm,20.76,100
2025-07-18 18:55:10,Thunderstorm,20.76,100
2025-07-18 19:21:38,Rain,20.76,100
2025-07-18 19:38:02,Rain,20.76,100
2025-07-18 19:50:53,Rain,20.76,100
2025-07-18 20:17:16,Rain,22.77,97
2025-07-18 20:40:29,Rain,21.76,100
2025-07-18 20:55:07,Rain,21.76,100
2025-07-18 21:25:19,Rain,21.78,100
2025-07-18 21:43:35,Clouds,21.76,100
2025-07-18 21:56:12,Clouds,21.76,100
2025-07-18 22:28:22,Clouds,21.76,100
2025-07-18 22:48:29,Clouds,21.76,100
2025-07-18 23:09:38,Rain,21.76,100
2025-07-18 23:32:32,Rain,21.76,100
2025-07-18 23:47:48,Mist,21.76,100
2025-07-19 00:00:24,Mist,21.76,100
2025-07-19 02:21:00,Rain,23.76,100
2025-07-19 03:38:56,Clouds,23.76,100
2025-07-19 04:18:00,Rain,25.79,96
2025-07-19 04:48:29,Mist,24.76,100
2025-07-19 05:13:31,Mist,24.76,100
2025-07-19 05:41:05,Clouds,25.76,100
2025-07-19 05:55:07,Clouds,25.76,100
2025-07-19 06:36:18,Rain,25.76,100
2025-07-19 06:56:10,Rain,25.76,100
2025-07-19 07:25:24,Clouds,26.76,100
2025-07-19 07:42:16,Clouds,26.76,100
2025-07-19 07:54:50,Clouds,26.76,100
2025-07-19 08:31:29,Clouds,25.76,100
2025-07-19 08:52:50,Clouds,25.76,100
2025-07-19 09:19:38,Rain,25.76,100
2025-07-19 09:39:13,Clouds,25.76,100
2025-07-19 09:52:09,Rain,25.76,100
2025-07-19 10:18:45,Clouds,26.56,93
2025-07-19 10:42:51,Clouds,24.76,100
2025-07-19 10:55:53,Clouds,24.76,100
2025-07-19 11:22:30,Clouds,24.76,100
2025-07-19 11:38:34,Rain,24.76,100
2025-07-19 11:51:30,Clouds,24.76,100
2025-07-19 12:32:32,Rain,24.76,100
2025-07-19 13:15:49,Rain,24.76,100
2025-07-19 13:44:03,Clouds,24.76,100
2025-07-19 13:57:22,Clouds,24.76,100
2025-07-19 14:26:22,Rain,24.76,100
2025-07-19 14:45:47,Clouds,24.76,100
2025-07-19 14:58:35,Rain,24.76,100
2025-07-19 15:28:43,Rain,24.76,100
2025-07-19 15:46:50,Rain,24.76,100
2025-07-19 15:59:18,Rain,24.76,100
2025-07-19 17:24:02,Rain,24.98,97
2025-07-19 17:44:27,Rain,25.76,100
2025-07-19 17:57:02,Rain,25.76,100
2025-07-19 18:56:08,Rain,25.76,100
2025-07-19 19:36:10,Rain,24.76,100
2025-07-19 19:49:07,Rain,24.76,100
2025-07-19 20:12:02,Rain,24.76,100
2025-07-19 20:36:47,Rain,25.76,100
2025-07-19 20:53:00,Mist,25.76,100
2025-07-19 21:18:43,Clouds,24.76,100
2025-07-19 21:50:15,Clouds,24.76,100
2025-07-19 22:13:09,Clouds,24.76,100
2025-07-19 22:53:18,Clouds,24.76,100
2025-07-19 23:22:33,Rain,25.76,100
2025-07-19 23:43:33,Clouds,25.76,100
2025-07-19 23:56:37,Clouds,25.76,100
2025-07-20 02:34:06,Clouds,29.76,79
2025-07-20 03:57:18,Clouds,29.76,79
2025-07-20 04:49:10,Clouds,30.76,74
2025-07-20 05:17:49,Clouds,30.4,66
2025-07-20 05:45:31,Clouds,30.76,66
2025-07-20 05:58:13,Clouds,30.76,66
2025-07-20 06:39:39,Clouds,30.76,70
2025-07-20 06:57:52,Clouds,30.76,70
2025-07-20 07:26:44,Clouds,31.76,66
2025-07-20 07:43:00,Clouds,31.76,66
2025-07-20 07:55:46,Clouds,31.76,66
2025-07-20 08:33:26,Clouds,29.76,74
2025-07-20 08:54:19,Clouds,29.76,74
2025-07-20 09:24:09,Clouds,30.76,66
2025-07-20 09:43:00,Clouds,30.76,66
2025-07-20 09:55:48,Clouds,30.76,66
2025-07-20 10:30:04,Clouds,29.76,74
2025-07-20 10:50:21,Clouds,29.76,74
2025-07-20 11:11:40,Clouds,29.76,74
2025-07-20 11:30:11,Clouds,27.76,89
2025-07-20 11:44:22,Clouds,27.76,89
2025-07-20 11:57:20,Clouds,27.76,89
2025-07-20 12:54:41,Clouds,26.76,100
2025-07-20 13:33:46,Clouds,26.76,100
2025-07-20 13:51:57,Clouds,26.76,100
2025-07-20 14:15:49,Clouds,26.46,91
2025-07-20 14:39:04,Clouds,25.76,100
2025-07-20 14:52:21,Clouds,25.76,100
2025-07-20 15:18:29,Clouds,26.27,94
2025-07-20 15:38:57,Clouds,25.76,100
2025-07-20 15:53:01,Clouds,25.76,100
2025-07-20 16:24:26,Clouds,24.76,100
2025-07-20 16:48:42,Clouds,24.76,100
2025-07-20 17:08:35,Clouds,24.76,100
2025-07-20 17:32:58,Clouds,24.76,100
2025-07-20 18:16:20,Clouds,25.68,92
2025-07-20 18:46:14,Clear,23.76,100
2025-07-20 18:59:33,Clear,23.76,100
2025-07-20 19:23:16,Clear,23.76,100
2025-07-20 19:38:29,Clear,23.76,100
2025-07-20 19:51:35,Clear,23.76,100
2025-07-20 20:18:28,Clouds,25.4,96
2025-07-20 20:40:23,Clouds,24.76,100
2025-07-20 20:54:32,Clouds,24.76,100
2025-07-20 21:22:15,Clouds,25.49,98
2025-07-20 21:39:47,Clouds,24.76,100
2025-07-20 21:52:18,Clouds,24.76,100
2025-07-20 22:17:55,Clouds,26.03,98
2025-07-20 22:54:25,Clouds,25.76,100
2025-07-20 23:24:30,Clouds,26.76,100
2025-07-20 23:56:17,Clouds,26.76,100
2025-07-21 02:30:29,Clouds,30.76,74
2025-07-21 03:55:16,Clouds,29.76,79
2025-07-21 04:49:19,Clouds,29.76,79
2025-07-21 05:20:33,Clouds,31.78,66
2025-07-21 05:49:07,Clouds,31.76,70
2025-07-21 06:18:42,Clouds,31.32,61
2025-07-21 06:52:31,Clouds,31.76,70
2025-07-21 07:27:08,Clouds,30.76,70
2025-07-21 07:50:30,Clouds,30.76,70
2025-07-21 08:23:02,Clouds,30.89,67
2025-07-21 08:55:40,Clouds,30.76,79
2025-07-21 09:35:57,Clouds,29.76,84
2025-07-21 09:54:36,Clouds,29.76,84
2025-07-21 10:28:49,Clouds,28.76,94
2025-07-21 10:52:45,Clouds,28.76,94
2025-07-21 11:18:33,Clouds,28.64,80
2025-07-21 11:37:39,Clouds,27.76,100
2025-07-21 11:52:34,Clouds,27.76,100
2025-07-21 12:42:22,Clouds,27.76,100
2025-07-21 13:28:48,Clouds,26.76,100
2025-07-21 13:57:58,Clouds,26.76,100
2025-07-21 14:32:44,Clouds,26.76,100
2025-07-21 14:54:28,Clouds,26.76,100
2025-07-21 15:27:16,Clouds,26.76,100
2025-07-21 15:48:43,Clouds,26.76,100
2025-07-21 16:12:41,Clouds,25.41,93
2025-07-21 16:47:34,Clouds,26.76,100
2025-07-21 17:11:09,Clouds,26.76,100
2025-07-21 17:40:28,Clouds,26.76,100
2025-07-21 17:55:14,Clouds,26.76,100
2025-07-21 18:39:19,Clouds,26.76,100
2025-07-21 19:00:11,Clouds,26.76,100
2025-07-21 19:26:48,Clouds,24.73,94
2025-07-21 19:43:20,Clouds,24.91,91
2025-07-21 19:55:47,Clouds,24.91,91
2025-07-21 20:31:18,Clouds,24.76,87
2025-07-21 20:50:48,Clouds,24.74,87
2025-07-21 21:14:49,Clouds,24.93,96
2025-07-21 21:36:34,Clouds,26.76,100
2025-07-21 21:50:52,Clouds,26.76,100
2025-07-21 22:15:45,Clouds,25.15,97
2025-07-21 22:41:47,Clouds,26.76,100
2025-07-21 22:55:45,Clouds,26.76,100
2025-07-21 23:27:15,Clouds,26.14,92
2025-07-21 23:45:51,Clouds,28.76,94
2025-07-21 23:58:28,Clouds,28.76,94
2025-07-22 02:25:49,Clouds,30.76,70
2025-07-22 03:48:09,Clouds,30.76,66
2025-07-22 04:29:22,Clouds,31.76,62
2025-07-22 05:01:10,Clouds,31.76,62
2025-07-22 05:37:13,Clouds,31.76,62
2025-07-22 05:55:01,Clouds,31.76,62
2025-07-22 06:39:07,Clouds,30.76,79
2025-07-22 07:00:47,Clouds,30.76,79
2025-07-22 07:32:22,Clouds,30.76,79
2025-07-22 07:49:14,Clouds,30.76,79
2025-07-22 08:17:39,Clouds,30.76,79
2025-07-22 08:48:08,Clouds,30.76,74
2025-07-22 09:14:29,Clouds,30.76,74
2025-07-22 09:43:16,Clouds,29.76,74
2025-07-22 09:57:19,Clouds,29.76,74
2025-07-22 10:33:24,Clouds,28.76,89
2025-07-22 10:54:05,Clouds,28.76,89
2025-07-22 11:20:28,Clouds,26.76,100
2025-07-22 11:38:18,Clouds,26.76,100
2025-07-22 11:51:30,Clouds,26.76,100
2025-07-22 12:36:44,Clouds,26.76,100
2025-07-22 13:25:31,Clear,25.76,100
2025-07-22 13:56:21,Clear,25.76,100
2025-07-22 14:28:54,Clear,25.76,100
2025-07-22 14:51:16,Clear,25.76,100
2025-07-22 15:18:21,Clouds,26.54,92
2025-07-22 15:42:33,Clear,25.76,100
2025-07-22 15:58:12,Clear,25.76,100
2025-07-22 16:38:22,Clouds,26.14,90
2025-07-22 16:59:37,Clouds,26.67,80
2025-07-22 17:31:57,Clear,24.76,100
2025-07-22 17:51:13,Clear,24.76,100
2025-07-22 18:23:23,Clouds,26.02,90
2025-07-22 18:54:32,Clouds,24.76,100
2025-07-22 19:21:16,Clouds,24.76,100
2025-07-22 19:36:45,Clouds,24.76,100
2025-07-22 19:49:53,Clouds,24.76,100
2025-07-22 20:15:13,Clouds,24.88,97
2025-07-22 20:40:48,Clouds,23.76,100
2025-07-22 20:55:58,Clouds,23.76,100
2025-07-22 21:27:19,Clouds,23.76,100
2025-07-22 21:45:07,Clouds,23.76,100
2025-07-22 21:57:43,Clouds,23.76,100
2025-07-22 22:28:59,Clear,25.76,100
2025-07-22 22:49:40,Clear,25.76,100
2025-07-22 23:12:41,Clouds,27.76,83
2025-07-22 23:35:14,Clouds,27.76,83
2025-07-22 23:50:39,Clouds,27.76,83
2025-07-23 01:16:50,Clouds,29.74,76
2025-07-23 03:11:38,Clouds,31.76,62
2025-07-23 04:10:02,Clouds,31.76,62
2025-07-23 04:54:53,Clouds,32.76,58
2025-07-23 05:32:36,Clouds,33.76,55
2025-07-23 05:54:39,Clouds,33.76,55
2025-07-23 06:38:02,Clear,32.76,58
2025-07-23 07:01:11,Clear,32.76,58
2025-07-23 07:33:08,Clouds,32.76,58
2025-07-23 07:50:55,Clouds,32.76,58
2025-07-23 08:22:35,Clouds,31.76,58
2025-07-23 08:53:12,Clouds,31.76,58
2025-07-23 09:28:08,Clear,30.76,62
2025-07-23 09:51:36,Clear,30.76,62
2025-07-23 10:19:14,Clear,30.58,66
2025-07-23 10:46:42,Clear,29.76,70
2025-07-23 10:59:31,Clear,29.76,70
2025-07-23 11:27:21,Clear,27.76,83
2025-07-23 11:45:20,Clear,27.76,83
2025-07-23 11:58:14,Clear,27.76,83
2025-07-23 13:01:57,Clear,26.76,89
2025-07-23 13:46:48,Clear,25.76,94
2025-07-23 14:10:41,Clear,25.76,94
2025-07-23 14:42:52,Clear,25.76,100
2025-07-23 14:59:45,Clear,25.76,100
2025-07-23 15:34:33,Clear,25.76,100
2025-07-23 15:53:53,Clear,25.76,100
2025-07-23 16:31:00,Clear,24.76,100
2025-07-23 16:57:29,Clear,24.76,100
2025-07-23 17:29:54,Clear,24.76,100
2025-07-23 17:50:22,Clear,24.76,100
2025-07-23 18:20:50,Clouds,25.26,87
2025-07-23 18:52:19,Clear,24.76,100
2025-07-23 19:16:58,Clouds,24.65,94
2025-07-23 19:34:10,Clear,24.76,100
2025-07-23 19:48:27,Clear,24.76,100
2025-07-23 20:11:31,Clouds,24.58,94
2025-07-23 20:39:34,Clear,23.76,100
2025-07-23 20:55:45,Clear,23.76,100
2025-07-23 21:27:42,Clear,24.76,100
2025-07-23 21:45:41,Clear,24.76,100
2025-07-23 21:58:24,Clear,24.76,100
2025-07-23 22:30:47,Clear,24.76,100
2025-07-23 22:50:38,Clear,24.76,100
2025-07-23 23:15:35,Clear,28.76,84
2025-07-23 23:38:02,Clear,28.76,84
2025-07-23 23:52:12,Clear,28.76,84
2025-07-24 01:40:54,Clear,29.76,74
2025-07-24 03:21:10,Clouds,31.56,58
2025-07-24 04:12:12,Clear,32.76,58
2025-07-24 04:54:08,Clear,33.76,59
2025-07-24 05:28:47,Clear,33.76,55
2025-07-24 05:51:58,Clear,33.76,55
2025-07-24 06:28:42,Clear,32.76,62
2025-07-24 06:57:57,Clear,32.76,62
2025-07-24 07:30:51,Clear,32.76,62
2025-07-24 07:48:37,Clear,32.76,62
2025-07-24 08:15:03,Clouds,33.78,52
2025-07-24 08:47:15,Clear,32.76,62
2025-07-24 09:13:31,Clear,32.33,57
2025-07-24 09:42:19,Clear,31.76,66
2025-07-24 09:56:59,Clear,31.76,66
2025-07-24 10:33:12,Clear,29.76,74
2025-07-24 10:53:47,Clear,29.76,74
2025-07-24 11:20:23,Clear,27.76,89
2025-07-24 11:38:10,Clear,27.76,89
2025-07-24 11:51:08,Clear,27.76,89
2025-07-24 12:34:58,Clear,26.76,94
2025-07-24 13:24:37,Clear,27.24,83
2025-07-24 13:56:03,Clear,26.76,94
2025-07-24 14:30:25,Clear,25.76,100
2025-07-24 14:53:12,Clear,25.76,100
2025-07-24 15:21:21,Clear,26.1,87
2025-07-24 15:42:33,Clear,25.76,100
2025-07-24 15:57:19,Clear,25.76,100
2025-07-24 16:35:00,Clear,24.76,100
2025-07-24 16:57:26,Clear,24.76,100
2025-07-24 17:29:12,Clear,24.76,100
2025-07-24 17:48:49,Clear,24.76,100
2025-07-24 18:15:38,Clear,25.04,86
2025-07-24 18:49:28,Clear,24.76,100
2025-07-24 19:12:09,Clear,24.76,100
2025-07-24 19:31:43,Clear,23.76,100
2025-07-24 19:45:47,Clear,23.76,100
2025-07-24 19:58:28,Clear,23.76,100
2025-07-24 20:31:07,Clear,23.76,100
2025-07-24 20:50:13,Clear,23.76,100
2025-07-24 21:13:51,Clear,23.76,100
2025-07-24 21:35:59,Clear,23.76,100
2025-07-24 21:48:54,Clear,23.76,100
2025-07-24 22:11:17,Clear,23.76,100
2025-07-24 22:40:31,Clear,25.76,100
2025-07-24 22:55:48,Clear,25.76,100
2025-07-24 23:27:58,Clear,28.76,84
2025-07-24 23:45:59,Clear,28.76,84
2025-07-24 23:58:49,Clear,28.76,84
2025-07-25 02:25:52,Clouds,33.76,62
2025-07-25 03:48:44,Clouds,33.76,55
2025-07-25 04:31:07,Clouds,34.76,52
2025-07-25 05:04:11,Clouds,34.76,52
2025-07-25 05:41:56,Clouds,34.76,52
2025-07-25 05:58:27,Clouds,34.76,52
2025-07-25 06:45:59,Clouds,34.76,49
2025-07-25 07:12:39,Clouds,34.76,52
2025-07-25 07:38:25,Clouds,34.76,52
2025-07-25 07:52:49,Clouds,34.76,52
2025-07-25 08:27:44,Clouds,33.76,55
2025-07-25 08:54:27,Clouds,33.76,55
2025-07-25 09:28:58,Clear,32.76,58
2025-07-25 09:50:59,Clear,32.76,58
2025-07-25 10:17:42,Clear,31.76,66
2025-07-25 10:45:38,Clear,31.76,66
2025-07-25 10:58:46,Clear,31.76,66
2025-07-25 11:26:20,Clear,29.76,79
2025-07-25 11:44:32,Clear,29.76,79
2025-07-25 11:57:01,Clear,29.76,79
2025-07-25 12:59:22,Clear,28.76,89
2025-07-25 13:45:11,Clear,28.76,94
2025-07-25 14:00:25,Clear,28.76,94
2025-07-25 14:32:16,Clear,27.76,100
2025-07-25 14:52:02,Clear,27.76,100
2025-07-25 15:20:00,Clear,26.76,100
2025-07-25 15:42:37,Clear,26.76,100
2025-07-25 15:57:19,Clear,26.76,100
2025-07-25 16:36:29,Clear,26.76,100
2025-07-25 16:57:44,Clear,26.76,100
2025-07-25 17:29:49,Clear,26.76,100
2025-07-25 17:49:05,Clear,26.76,100
2025-07-25 18:16:12,Clouds,26.44,79
2025-07-25 18:49:23,Clear,26.76,100
2025-07-25 19:11:31,Clear,26.76,100
2025-07-25 19:30:44,Clear,25.76,100
2025-07-25 19:45:19,Clear,25.76,100
2025-07-25 19:57:59,Clear,25.76,100
2025-07-25 20:31:49,Clear,25.76,94
2025-07-25 20:51:00,Clear,25.76,94
2025-07-25 21:14:59,Clouds,25.27,90
2025-07-25 21:36:05,Clear,25.76,100
2025-07-25 21:50:27,Clear,25.76,100
2025-07-25 22:13:58,Clear,25.76,100
2025-07-25 22:40:54,Clear,28.76,89
2025-07-25 22:55:49,Clear,28.76,89
2025-07-25 23:26:59,Clear,30.76,74
2025-07-25 23:45:31,Clear,30.76,74
2025-07-25 23:58:05,Clear,30.76,74
2025-07-26 02:21:32,Clouds,32.83,57
2025-07-26 03:43:55,Clear,33.76,55
2025-07-26 04:23:20,Clear,34.76,55
2025-07-26 04:57:16,Clear,34.76,55
2025-07-26 05:30:59,Clear,35.76,52
2025-07-26 05:50:37,Clear,35.76,52
2025-07-26 06:21:03,Clouds,35.78,41
2025-07-26 06:51:41,Clear,36.76,47
2025-07-26 07:16:42,Clouds,35.23,47
2025-07-26 07:36:26,Clear,36.76,47
2025-07-26 07:49:13,Clear,36.76,47
2025-07-26 08:14:16,Clouds,35.04,47
2025-07-26 08:43:01,Clear,35.76,56
2025-07-26 08:58:28,Clear,35.76,56
2025-07-26 09:29:13,Clear,33.76,62
2025-07-26 09:46:20,Clear,33.76,62
2025-07-26 09:58:59,Clear,33.76,62
2025-07-26 10:31:45,Clear,32.76,70
2025-07-26 10:50:18,Clear,32.76,70
2025-07-26 11:12:18,Clear,32.76,70
2025-07-26 11:31:05,Clear,30.76,79
2025-07-26 11:45:08,Clear,30.76,79
2025-07-26 11:57:32,Clear,30.76,79
2025-07-26 12:55:18,Clear,29.76,84
2025-07-26 13:36:32,Clear,28.76,94
2025-07-26 13:53:04,Clear,28.76,94
2025-07-26 14:19:05,Clear,27.72,83
2025-07-26 14:41:22,Clear,28.76,94
2025-07-26 14:54:44,Clear,28.76,94
2025-07-26 15:24:49,Clear,27.24,84
2025-07-26 15:45:03,Clear,28.76,94
2025-07-26 15:58:28,Clear,28.76,94
2025-07-26 16:34:24,Clear,27.76,100
2025-07-26 16:54:39,Clear,27.76,100
2025-07-26 17:22:55,Clear,26.76,100
2025-07-26 17:43:38,Clear,26.76,100
2025-07-26 17:56:28,Clear,26.76,100
2025-07-26 18:37:55,Clear,26.76,100
2025-07-26 18:57:44,Clear,26.76,100
2025-07-26 19:22:07,Clear,25.76,100
2025-07-26 19:37:00,Clear,25.76,100
2025-07-26 19:49:47,Clear,25.76,100
2025-07-26 20:13:20,Clear,25.76,100
2025-07-26 20:37:16,Clear,25.76,100
2025-07-26 20:52:03,Clear,25.76,100
2025-07-26 21:16:30,Clear,25.83,93
2025-07-26 21:35:32,Clear,25.76,100
2025-07-26 21:50:10,Clear,25.76,100
2025-07-26 22:13:12,Clear,27.09,91
2025-07-26 22:39:35,Clear,29.76,74
2025-07-26 22:53:35,Clear,29.76,74
2025-07-26 23:21:22,Clear,29.37,77
2025-07-26 23:39:54,Clear,31.76,66
2025-07-26 23:52:50,Clear,31.76,66
2025-07-27 01:55:37,Clear,33.76,55
2025-07-27 03:49:52,Clear,35.76,49
2025-07-27 04:37:22,Clouds,35.76,46
2025-07-27 05:04:43,Clouds,35.76,46
2025-07-27 05:39:48,Clouds,36.76,44
2025-07-27 05:55:57,Clouds,36.76,44
2025-07-27 06:40:08,Clear,35.76,56
2025-07-27 06:59:10,Clear,35.76,56
2025-07-27 07:28:02,Clouds,35.76,63
2025-07-27 07:43:56,Clouds,35.76,63
2025-07-27 07:56:49,Clouds,35.76,63
2025-07-27 08:34:23,Clouds,34.76,63
2025-07-27 08:54:24,Clouds,34.76,63
2025-07-27 09:25:26,Clouds,33.76,70
2025-07-27 09:45:39,Clouds,33.76,70
2025-07-27 09:58:06,Clouds,33.76,70
2025-07-27 10:31:28,Clouds,31.76,79
2025-07-27 10:50:21,Clouds,31.76,79
2025-07-27 11:11:38,Clear,30.66,67
2025-07-27 11:30:21,Clear,29.76,89
2025-07-27 11:44:24,Clear,29.76,89
2025-07-27 11:56:51,Clear,29.76,89
2025-07-27 12:56:01,Clear,28.76,94
2025-07-27 13:36:21,Clear,27.76,94
2025-07-27 13:52:49,Clear,27.76,94
2025-07-27 14:17:53,Clear,27.76,94
2025-07-27 14:40:05,Clear,27.76,94
2025-07-27 14:53:15,Clear,27.76,94
2025-07-27 15:20:58,Clear,27.74,86
2025-07-27 15:40:15,Clear,27.76,100
2025-07-27 15:53:20,Clear,27.76,100
2025-07-27 16:26:03,Clear,27.76,100
2025-07-27 16:50:38,Clear,27.76,100
2025-07-27 17:12:25,Clear,26.3,89
2025-07-27 17:38:20,Clear,26.76,100
2025-07-27 17:52:36,Clear,26.76,100
2025-07-27 18:27:03,Clear,26.76,100
2025-07-27 18:53:56,Clear,26.76,100
2025-07-27 19:19:04,Clear,26,91
2025-07-27 19:34:27,Clear,26.76,100
2025-07-27 19:47:49,Clear,26.76,100
2025-07-27 20:00:29,Clear,26.76,100
2025-07-27 20:31:53,Clear,26.76,100
2025-07-27 20:49:43,Clear,26.76,100
2025-07-27 21:11:25,Clear,26.76,100
2025-07-27 21:33:11,Clouds,25.76,100
2025-07-27 21:47:35,Clouds,25.76,100
2025-07-27 22:00:08,Clouds,25.76,100
2025-07-27 22:31:15,Clear,28.76,94
2025-07-27 22:50:55,Clear,28.76,94
2025-07-27 23:15:49,Clear,29.04,84
2025-07-27 23:38:20,Clear,30.76,84
2025-07-27 23:52:47,Clear,30.76,84
2025-07-28 01:53:09,Clouds,33.76,66
2025-07-28 03:46:20,Clouds,33.76,62
2025-07-28 04:35:55,Clouds,34.76,55
2025-07-28 05:15:55,Clouds,34.76,55
2025-07-28 05:47:54,Clouds,34.76,59
2025-07-28 06:16:03,Clear,35.18,47
2025-07-28 06:54:05,Clouds,34.76,66
2025-07-28 07:28:10,Clouds,34.76,66
2025-07-28 07:48:46,Clouds,34.76,66
2025-07-28 08:17:18,Clouds,34.76,66
2025-07-28 08:49:25,Clouds,33.76,70
2025-07-28 09:20:06,Clear,33.57,60
2025-07-28 09:47:55,Clouds,31.76,79
2025-07-28 10:10:36,Clear,31.68,67
2025-07-28 10:44:36,Clouds,30.76,74
2025-07-28 10:59:27,Clouds,30.76,74
2025-07-28 11:27:09,Clear,29.98,71
2025-07-28 11:45:04,Clear,28.76,84
2025-07-28 11:57:50,Clear,28.76,84
2025-07-28 13:02:24,Clear,27.76,83
2025-07-28 13:49:25,Clear,26.76,94
2025-07-28 14:15:47,Clear,27.62,82
2025-07-28 14:45:26,Clear,27.76,89
2025-07-28 15:00:15,Clear,27.76,89
2025-07-28 15:34:09,Clear,26.76,94
2025-07-28 15:53:10,Clear,26.76,94
2025-07-28 16:29:08,Clear,25.76,100
2025-07-28 16:57:47,Clear,25.76,100
2025-07-28 17:31:03,Clear,25.76,100
2025-07-28 17:50:42,Clear,25.76,100
2025-07-28 18:23:27,Clear,25.76,100
2025-07-28 18:55:20,Clear,25.76,100
2025-07-28 19:23:24,Clear,26.06,86
2025-07-28 19:40:39,Clear,25.76,100
2025-07-28 19:53:49,Clear,25.76,100
2025-07-28 20:26:59,Clear,24.76,100
2025-07-28 20:48:42,Clear,24.76,100
2025-07-28 21:10:29,Clear,25.4,89
2025-07-28 21:32:43,Clear,25.76,100
2025-07-28 21:48:26,Clear,25.76,100
2025-07-28 22:10:10,Clear,25.76,100
2025-07-28 22:41:59,Clear,27.76,100
2025-07-28 22:58:12,Clear,27.76,100
2025-07-28 23:30:42,Clear,29.76,84
2025-07-28 23:50:52,Clear,29.76,84
2025-07-29 01:27:27,Clear,32.76,66
2025-07-29 03:29:58,Clouds,34.76,55
2025-07-29 04:33:54,Clouds,34.76,63
2025-07-29 05:06:53,Clouds,34.76,63
2025-07-29 05:45:49,Clouds,35.76,56
2025-07-29 06:00:37,Clouds,35.76,56
2025-07-29 06:47:49,Clouds,35.76,56
2025-07-29 07:14:12,Clear,35.47,47
2025-07-29 07:41:20,Clouds,35.76,56
2025-07-29 07:55:31,Clouds,35.76,56
2025-07-29 08:37:46,Clouds,34.76,59
2025-07-29 09:00:49,Clouds,34.76,59
2025-07-29 09:36:57,Clouds,33.76,59
2025-07-29 09:55:41,Clouds,33.76,59
2025-07-29 10:31:24,Clear,31.76,66
2025-07-29 10:53:24,Clear,31.76,66
2025-07-29 11:19:46,Clear,29.76,79
2025-07-29 11:38:17,Clear,29.76,79
2025-07-29 11:51:29,Clear,29.76,79
2025-07-29 12:38:02,Clear,28.76,89
2025-07-29 13:28:44,Clear,28.76,89
2025-07-29 13:59:53,Clear,28.76,89
2025-07-29 14:36:39,Clear,27.76,100
2025-07-29 14:58:26,Clear,27.76,100
2025-07-29 15:34:49,Clear,27.76,100
2025-07-29 15:54:20,Clear,27.76,100
2025-07-29 16:31:39,Clear,26.76,100
2025-07-29 16:58:08,Clear,26.76,100
2025-07-29 17:31:40,Clear,26.76,100
2025-07-29 17:51:48,Clear,26.76,100
2025-07-29 18:28:02,Clear,25.76,100
2025-07-29 18:58:39,Clear,25.76,100
2025-07-29 19:27:47,Clouds,26.76,100
2025-07-29 19:44:14,Clouds,26.76,100
2025-07-29 19:57:03,Clouds,26.76,100
2025-07-29 20:33:00,Clouds,25.76,100
2025-07-29 20:52:21,Clouds,25.76,100
2025-07-29 21:18:51,Clear,26.76,100
2025-07-29 21:39:33,Clear,26.76,100
2025-07-29 21:53:18,Clear,26.76,100
2025-07-29 22:21:58,Clouds,26.76,100
2025-07-29 22:45:58,Clouds,26.76,100
2025-07-29 22:58:50,Clouds,26.76,100
2025-07-29 23:29:15,Clouds,28.48,83
2025-07-29 23:47:28,Clear,29.76,84
2025-07-30 00:00:04,Clear,29.76,84
2025-07-30 02:30:17,Clear,32.76,66
2025-07-30 03:54:02,Clear,32.76,62
2025-07-30 04:48:12,Clouds,32.76,66
2025-07-30 05:20:23,Clouds,34.09,57
2025-07-30 05:51:57,Clouds,34.76,59
2025-07-30 06:30:17,Clouds,34.76,59
2025-07-30 07:00:54,Clouds,34.76,59
2025-07-30 07:34:30,Clouds,32.76,70
2025-07-30 07:52:55,Clouds,32.76,70
2025-07-30 08:29:46,Clouds,32.76,70
2025-07-30 08:58:08,Clouds,32.76,70
2025-07-30 09:37:38,Clear,31.76,70
2025-07-30 09:56:39,Clear,31.76,70
2025-07-30 10:32:52,Clear,30.76,84
2025-07-30 10:54:19,Clear,30.76,84
2025-07-30 11:21:29,Clouds,31.03,68
2025-07-30 11:39:52,Clear,29.76,84
2025-07-30 11:52:49,Clear,29.76,84
2025-07-30 12:45:02,Clear,28.76,94
2025-07-30 13:31:28,Clear,28.76,100
2025-07-30 13:59:45,Clear,28.76,100
2025-07-30 14:33:49,Clear,28.76,100
2025-07-30 14:54:58,Clear,28.76,100
2025-07-30 15:28:50,Clear,27.76,100
2025-07-30 15:50:39,Clear,27.76,100
2025-07-30 16:19:45,Clouds,27.77,81
2025-07-30 16:48:58,Clear,27.76,100
2025-07-30 17:13:04,Clear,27.76,100
2025-07-30 17:41:09,Clear,27.76,100
2025-07-30 17:55:50,Clear,27.76,100
2025-07-30 18:41:26,Clear,27.76,100
2025-07-30 19:01:49,Clear,27.76,100
2025-07-30 19:27:34,Clear,28.76,74
2025-07-30 19:43:59,Clear,28.76,74
2025-07-30 19:56:41,Clear,28.76,74
2025-07-30 20:30:57,Clear,28.76,74
2025-07-30 20:50:17,Clear,28.76,74
2025-07-30 21:13:38,Clouds,27.19,77
2025-07-30 21:37:15,Clear,28.76,74
2025-07-30 21:51:22,Clear,28.76,74
2025-07-30 22:16:56,Clear,28.76,74
2025-07-30 22:42:49,Clear,28.76,79
2025-07-30 22:56:28,Clear,28.76,79
2025-07-30 23:28:20,Clear,28.76,84
2025-07-30 23:47:24,Clear,28.76,84
2025-07-30 23:59:55,Clear,28.76,84
2025-07-31 02:29:20,Clear,32.76,55
2025-07-31 03:53:09,Clear,32.76,58
2025-07-31 04:42:45,Clouds,34.76,52
2025-07-31 05:15:31,Clouds,31.99,53
2025-07-31 05:47:16,Clear,32.76,58
2025-07-31 06:00:36,Clear,32.76,58
2025-07-31 06:47:48,Clear,31.76,62
2025-07-31 07:14:01,Clouds,32.24,51
2025-07-31 07:40:09,Clear,30.76,66
2025-07-31 07:54:42,Clear,30.76,66
2025-07-31 08:35:35,Clear,30.76,66
2025-07-31 08:59:46,Clear,30.76,66
2025-07-31 09:36:43,Clear,29.76,74
2025-07-31 09:55:13,Clear,29.76,74
2025-07-31 10:30:18,Clear,28.76,84
2025-07-31 10:53:08,Clear,28.76,84
2025-07-31 11:18:56,Clear,27.76,94
2025-07-31 11:38:29,Clear,27.76,94
2025-07-31 11:52:16,Clear,27.76,94
2025-07-31 12:39:26,Clear,27.76,100
2025-07-31 13:27:31,Clear,26.76,100
2025-07-31 13:58:11,Clear,26.76,100
2025-07-31 14:33:00,Clear,26.76,100
2025-07-31 14:55:01,Clear,26.76,100
2025-07-31 15:29:15,Clear,26.76,100
2025-07-31 15:49:57,Clear,26.76,100
2025-07-31 16:17:24,Clouds,26.56,84
2025-07-31 16:48:51,Clear,26.76,100
2025-07-31 17:13:29,Clouds,26.46,83
2025-07-31 17:40:44,Clear,26.76,100
2025-07-31 17:55:26,Clear,26.76,100
2025-07-31 18:39:29,Clear,26.76,100
2025-07-31 19:01:13,Clear,26.76,100
2025-07-31 19:26:50,Clear,26.76,100
2025-07-31 19:43:39,Clear,26.76,100
2025-07-31 19:56:20,Clear,26.76,100
2025-07-31 20:32:22,Clear,25.76,100
2025-07-31 20:52:08,Clear,25.76,100
2025-07-31 21:18:07,Clouds,26.44,85
2025-07-31 21:39:18,Clear,25.76,100
2025-07-31 21:53:35,Clear,25.76,100
2025-07-31 22:22:16,Clear,27.76,100
2025-07-31 22:45:43,Clear,27.76,100
2025-07-31 22:58:21,Clear,27.76,100
2025-07-31 23:28:53,Clear,29.76,79
2025-07-31 23:46:50,Clear,29.76,79
2025-07-31 23:59:34,Clear,29.76,79
2025-08-01 02:41:08,Clear,34.76,55
2025-08-01 04:07:48,Clear,33.76,55
2025-08-01 05:02:24,Clear,33.76,59
2025-08-01 05:45:33,Clear,33.76,59
2025-08-01 06:01:24,Clear,33.76,59
2025-08-01 06:49:40,Clouds,31.76,74
2025-08-01 07:19:39,Clouds,33.41,55
2025-08-01 07:44:18,Clear,33.76,55
2025-08-01 07:57:42,Clear,33.76,55
2025-08-01 08:39:35,Clear,31.76,70
2025-08-01 09:01:26,Clear,31.76,70
2025-08-01 09:37:23,Clouds,30.76,70
2025-08-01 09:56:08,Clouds,30.76,70
2025-08-01 10:32:29,Rain,29.76,89
2025-08-01 10:54:41,Clear,29.76,89
2025-08-01 11:22:37,Clouds,29.27,79
2025-08-01 11:40:49,Clear,28.76,100
2025-08-01 11:53:55,Clear,28.76,100
2025-08-01 12:51:17,Clear,27.76,100
2025-08-01 13:34:55,Clear,27.76,100
2025-08-01 13:59:16,Clear,27.76,100
2025-08-01 14:33:35,Clear,27.76,100
2025-08-01 14:54:47,Clear,27.76,100
2025-08-01 15:27:31,Clear,26.76,100
2025-08-01 15:48:10,Clear,26.76,100
2025-08-01 16:11:58,Clear,27.76,100
2025-08-01 16:47:20,Clear,27.76,100
2025-08-01 17:12:04,Clear,27.76,100
2025-08-01 17:41:22,Clear,26.76,100
2025-08-01 17:57:19,Clear,26.76,100
2025-08-01 18:42:41,Clear,26.76,100
2025-08-01 19:01:46,Clear,26.76,100
2025-08-01 19:26:03,Clouds,25.76,100
2025-08-01 19:42:45,Clouds,25.76,100
2025-08-01 19:55:22,Clouds,25.76,100
2025-08-01 20:30:01,Mist,25.76,100
2025-08-01 20:50:14,Mist,25.76,100
2025-08-01 21:13:34,Mist,25.76,100
2025-08-01 21:36:12,Mist,25.76,100
2025-08-01 21:50:50,Mist,25.76,100
2025-08-01 22:15:06,Clouds,26.21,90
2025-08-01 22:41:35,Mist,27.76,94
2025-08-01 22:55:55,Mist,27.76,94
2025-08-01 23:27:51,Clear,29.76,79
2025-08-01 23:46:11,Mist,29.76,79
2025-08-01 23:59:09,Mist,29.76,79
2025-08-02 02:22:51,Clouds,32.05,66
2025-08-02 03:42:59,Clouds,33.76,59
2025-08-02 04:22:51,Clouds,33.76,52
2025-08-02 04:56:27,Clouds,33.76,52
2025-08-02 05:31:16,Clouds,34.76,49
2025-08-02 05:52:49,Clouds,34.76,49
2025-08-02 06:28:39,Clouds,34.76,49
2025-08-02 06:54:01,Clouds,34.76,49
2025-08-02 07:21:32,Clouds,34.76,49
2025-08-02 07:38:53,Clouds,34.76,49
2025-08-02 07:51:30,Clouds,34.76,49
2025-08-02 08:20:56,Clear,32.66,51
2025-08-02 08:47:01,Clouds,33.76,55
2025-08-02 09:09:36,Clouds,33.76,55
2025-08-02 09:35:41,Clouds,32.76,58
2025-08-02 09:50:55,Clouds,32.76,58
2025-08-02 10:16:00,Clear,30.28,60
2025-08-02 10:43:02,Clear,29.76,70
2025-08-02 10:56:28,Clear,29.76,70
2025-08-02 11:23:36,Clear,28.76,70
2025-08-02 11:40:13,Clear,28.76,70
2025-08-02 11:52:46,Clear,28.76,70
2025-08-02 12:39:14,Clear,27.76,83
2025-08-02 13:19:54,Clear,27.76,89
2025-08-02 13:45:38,Clear,27.76,89
2025-08-02 13:58:09,Clear,27.76,89
2025-08-02 14:28:02,Clear,27.76,83
2025-08-02 14:47:05,Clear,27.76,83
2025-08-02 14:59:46,Clear,27.76,83
2025-08-02 15:29:36,Clear,26.76,94
2025-08-02 15:46:49,Clear,26.76,94
2025-08-02 15:59:27,Clear,26.76,94
2025-08-02 16:36:04,Clear,26.76,100
2025-08-02 16:56:07,Clear,26.76,100
2025-08-02 17:25:26,Clear,25.76,100
2025-08-02 17:45:18,Clear,25.76,100
2025-08-02 17:58:02,Clear,25.76,100
2025-08-02 18:39:40,Clear,25.76,100
2025-08-02 18:58:20,Clear,25.76,100
2025-08-02 19:22:56,Clouds,26.15,87
2025-08-02 19:38:53,Clear,25.76,100
2025-08-02 19:51:50,Clear,25.76,100
2025-08-02 20:18:51,Clouds,26.08,89
2025-08-02 20:40:10,Clear,24.76,100
2025-08-02 20:54:14,Clear,24.76,100
2025-08-02 21:21:56,Clouds,25.82,90
2025-08-02 21:40:41,Clear,25.76,100
2025-08-02 21:53:13,Clear,25.76,100
2025-08-02 22:20:04,Clouds,26.92,88
2025-08-02 22:42:36,Clear,26.76,100
2025-08-02 22:55:50,Clear,26.76,100
2025-08-02 23:28:21,Clear,27.76,89
2025-08-02 23:48:31,Clear,27.76,89
2025-08-03 00:58:00,Clear,28.76,74
2025-08-03 03:17:35,Clouds,29.21,64
2025-08-03 04:29:12,Clear,32.76,55
2025-08-03 05:04:24,Clear,32.76,55
2025-08-03 05:42:06,Clear,31.76,58
2025-08-03 05:58:48,Clear,31.76,58
2025-08-03 06:41:35,Rain,31.76,62
2025-08-03 06:59:46,Rain,31.76,62
2025-08-03 07:28:44,Clear,30.76,66
2025-08-03 07:44:33,Clear,30.76,66
2025-08-03 07:57:12,Clear,30.76,66
2025-08-03 08:35:08,Clouds,29.76,70
2025-08-03 08:55:14,Rain,29.76,70
2025-08-03 09:27:10,Rain,27.76,89
2025-08-03 09:46:11,Rain,27.76,89
2025-08-03 09:58:38,Rain,27.76,89
2025-08-03 10:32:02,Rain,27.76,83
2025-08-03 10:50:50,Rain,27.76,83
2025-08-03 11:13:34,Rain,26.99,87
2025-08-03 11:33:34,Mist,26.76,89
2025-08-03 11:47:52,Mist,26.76,89
2025-08-03 12:15:01,Rain,26.76,89
2025-08-03 13:05:35,Rain,27.76,69
2025-08-03 13:43:37,Clouds,27.76,74
2025-08-03 13:57:32,Clouds,27.76,74
2025-08-03 14:27:06,Rain,23.76,100
2025-08-03 14:46:33,Rain,23.76,100
2025-08-03 14:59:02,Rain,23.76,100
2025-08-03 15:30:54,Rain,23.76,100
2025-08-03 15:50:05,Rain,23.76,100
2025-08-03 16:15:37,Rain,23.76,100
2025-08-03 16:45:09,Clouds,23.76,100
2025-08-03 17:00:12,Clouds,23.76,100
2025-08-03 17:29:32,Clouds,23.65,95
2025-08-03 17:48:42,Clouds,23.76,100
2025-08-03 18:14:20,Rain,23.84,92
2025-08-03 18:47:15,Rain,23.76,100
2025-08-03 19:07:07,Rain,23.76,100
2025-08-03 19:27:46,Rain,23.76,100
2025-08-03 19:43:00,Rain,23.76,100
2025-08-03 19:55:39,Clouds,23.76,100
2025-08-03 20:30:23,Clouds,22.76,100
2025-08-03 20:49:31,Clouds,22.76,100
2025-08-03 21:11:29,Clouds,23.76,100
2025-08-03 21:33:42,Mist,23.76,100
2025-08-03 21:48:23,Mist,23.76,100
2025-08-03 22:09:32,Mist,23.76,100
2025-08-03 22:37:58,Mist,23.76,100
2025-08-03 22:54:12,Mist,23.76,100
2025-08-03 23:24:01,Clouds,25.76,100
2025-08-03 23:43:45,Mist,25.76,100
2025-08-03 23:56:32,Mist,25.76,100
2025-08-04 02:37:26,Clouds,29.76,79
2025-08-04 04:08:32,Clouds,31.76,66
2025-08-04 05:07:01,Clouds,32.76,58
2025-08-04 05:51:39,Clouds,32.76,58
2025-08-04 06:34:11,Clouds,33.76,55
2025-08-04 07:05:07,Clouds,33.76,55
2025-08-04 07:41:09,Clouds,33.76,55
2025-08-04 07:57:29,Clouds,33.76,55
2025-08-04 08:40:47,Clouds,30.76,70
2025-08-04 09:03:46,Clouds,30.76,70
2025-08-04 09:45:03,Clouds,28.76,74
2025-08-04 10:01:12,Clouds,28.76,74
2025-08-04 10:39:21,Clouds,28.76,74
2025-08-04 10:58:52,Clouds,28.76,74
2025-08-04 11:27:57,Clouds,28.76,79
2025-08-04 11:46:05,Clouds,28.76,79
2025-08-04 11:58:46,Clouds,28.76,79
2025-08-04 13:04:35,Clear,27.76,89
2025-08-04 13:51:51,Clear,26.76,94
2025-08-04 14:22:32,Clear,26.76,94
2025-08-04 14:52:15,Clear,26.76,94
2025-08-04 15:21:59,Clouds,26.33,89
2025-08-04 15:46:48,Clear,26.76,94
2025-08-04 16:01:06,Clear,26.76,94
2025-08-04 16:44:23,Clear,24.76,100
2025-08-04 17:13:16,Clear,24.76,100
2025-08-04 17:43:54,Clear,24.76,100
2025-08-04 17:58:32,Clear,24.76,100
2025-08-04 18:46:46,Clear,24.76,100
2025-08-04 19:10:49,Clear,24.76,100
2025-08-04 19:33:05,Clear,24.76,100
2025-08-04 19:48:05,Clear,24.76,100
